"Input","Predict","Frequency"
"009f u u f0 u","009f",0.0967741935483871
"03ad u 03c1 u 03bf","u",0.0806451612903226
"03ba a u 03c1 p","u",0.0806451612903226
"f u 03ad u 03c1","u",0.112903225806452
"f0 u 009f u u","f0",0.0967741935483871
"u 009f u u f0","u",0.0967741935483871
"u 03ad u 03c1 u","03bf",0.0806451612903226
"u 03ba a u 03c1","p",0.0806451612903226
"u 03c1 u 03bf u","03bd",0.0806451612903226
"u f0 u 009f u","u",0.0967741935483871
"u u f0 u 009f","u",0.0967741935483871
